{"accuracy": [0.9154999852180481, 0.9819999933242798, 0.9925000071525574, 0.9900000095367432, 0.9879999756813049], "loss": [0.2165372222661972, 0.04917213320732117, 0.030948998406529427, 0.030685685575008392, 0.02998194471001625], "val_accuracy": [0.9800000190734863, 0.987500011920929, 0.987500011920929, 0.9750000238418579, 0.9825000166893005], "val_loss": [0.04532114416360855, 0.03222037851810455, 0.03621290251612663, 0.043244291096925735, 0.03530529886484146]}